{
  "alert_id": 67703,
  "alert_data": {
    "SignatureID": 2019182.0,
    "SignatureMatchesPerDay": 20.6286985352751,
    "AlertCount": 2.0,
    "Proto": 6.0,
    "ExtPort": -1.0,
    "IntPort": 80.0,
    "Similarity": 0.228489034442664,
    "SCAS": 1.0,
    "AppProtoSimilarity": 0.909270972057694,
    "DnsRrnameSimilarity": -1.0,
    "DnsRrtypeSimilarity": -1.0,
    "EmailFromSimilarity": -1.0,
    "EmailStatusSimilarity": -1.0,
    "EmailToSimilarity": -1.0,
    "ExtIPSimilarity": 0.0193482756391279,
    "ExtPortSimilarity": 0.0,
    "HttpContentTypeSimilarity": 0.0,
    "HttpHostnameSimilarity": 0.0050251256281407,
    "HttpMethodSimilarity": 0.291407553791151,
    "HttpProtocolSimilarity": 0.860100440636699,
    "HttpRequestBodySimilarity": 0.0133268885503188,
    "HttpResponseBodySimilarity": 0.0,
    "HttpStatusSimilarity": 0.0,
    "HttpUrlSimilarity": 0.0133268885503188,
    "HttpUserAgentSimilarity": 0.0264588764242345,
    "IntIPSimilarity": 0.0050251256281407,
    "IntPortSimilarity": 0.526519626861754,
    "ProtoSimilarity": 0.961860845440958,
    "SignatureIDSimilarity": 0.0241539318740835,
    "SmtpHeloSimilarity": -1.0,
    "SmtpMailFromSimilarity": -1.0,
    "SmtpRcptToSimilarity": -1.0,
    "SshClientProtoSimilarity": -1.0,
    "SshClientSoftwareSimilarity": -1.0,
    "SshServerProtoSimilarity": -1.0,
    "SshServerSoftwareSimilarity": -1.0,
    "TlsFingerprintSimilarity": -1.0,
    "TlsIssuerDnSimilarity": -1.0,
    "TlsJa3hashSimilarity": -1.0,
    "TlsSniSimilarity": -1.0,
    "TlsSubjectSimilarity": -1.0,
    "TlsVersionSimilarity": -1.0
  },
  "xai_analysis": {
    "prediction": "Important",
    "confidence": 0.9999992847442627,
    "pred_class": 1,
    "top_features": [
      {
        "feature": "AppProtoSimilarity",
        "importance": 0.06276959180831909,
        "value": 0.909270972057694,
        "abs_importance": 0.06276959180831909,
        "is_missing": false
      },
      {
        "feature": "SCAS",
        "importance": 0.05160718411207199,
        "value": 1.0,
        "abs_importance": 0.05160718411207199,
        "is_missing": false
      },
      {
        "feature": "IntPortSimilarity",
        "importance": -0.036847006529569626,
        "value": 0.526519626861754,
        "abs_importance": 0.036847006529569626,
        "is_missing": false
      },
      {
        "feature": "HttpProtocolSimilarity",
        "importance": 0.035749468952417374,
        "value": 0.860100440636699,
        "abs_importance": 0.035749468952417374,
        "is_missing": false
      },
      {
        "feature": "ProtoSimilarity",
        "importance": 0.01794540323317051,
        "value": 0.961860845440958,
        "abs_importance": 0.01794540323317051,
        "is_missing": false
      }
    ],
    "all_features": [
      {
        "feature": "TlsSubjectSimilarity",
        "importance": 1.0089480876922607,
        "value": -1.0,
        "abs_importance": 1.0089480876922607,
        "is_missing": true
      },
      {
        "feature": "TlsIssuerDnSimilarity",
        "importance": -0.8140771985054016,
        "value": -1.0,
        "abs_importance": 0.8140771985054016,
        "is_missing": true
      },
      {
        "feature": "TlsVersionSimilarity",
        "importance": 0.07812592387199402,
        "value": -1.0,
        "abs_importance": 0.07812592387199402,
        "is_missing": true
      },
      {
        "feature": "AppProtoSimilarity",
        "importance": 0.06276959180831909,
        "value": 0.909270972057694,
        "abs_importance": 0.06276959180831909,
        "is_missing": false
      },
      {
        "feature": "DnsRrnameSimilarity",
        "importance": -0.06234633922576904,
        "value": -1.0,
        "abs_importance": 0.06234633922576904,
        "is_missing": true
      },
      {
        "feature": "DnsRrtypeSimilarity",
        "importance": -0.05837743729352951,
        "value": -1.0,
        "abs_importance": 0.05837743729352951,
        "is_missing": true
      },
      {
        "feature": "TlsFingerprintSimilarity",
        "importance": 0.05688853561878204,
        "value": -1.0,
        "abs_importance": 0.05688853561878204,
        "is_missing": true
      },
      {
        "feature": "TlsSniSimilarity",
        "importance": 0.05603731796145439,
        "value": -1.0,
        "abs_importance": 0.05603731796145439,
        "is_missing": true
      },
      {
        "feature": "SCAS",
        "importance": 0.05160718411207199,
        "value": 1.0,
        "abs_importance": 0.05160718411207199,
        "is_missing": false
      },
      {
        "feature": "TlsJa3hashSimilarity",
        "importance": 0.04500129073858261,
        "value": -1.0,
        "abs_importance": 0.04500129073858261,
        "is_missing": true
      },
      {
        "feature": "SshClientSoftwareSimilarity",
        "importance": -0.040860142558813095,
        "value": -1.0,
        "abs_importance": 0.040860142558813095,
        "is_missing": true
      },
      {
        "feature": "IntPortSimilarity",
        "importance": -0.036847006529569626,
        "value": 0.526519626861754,
        "abs_importance": 0.036847006529569626,
        "is_missing": false
      },
      {
        "feature": "HttpProtocolSimilarity",
        "importance": 0.035749468952417374,
        "value": 0.860100440636699,
        "abs_importance": 0.035749468952417374,
        "is_missing": false
      },
      {
        "feature": "EmailStatusSimilarity",
        "importance": -0.030835164710879326,
        "value": -1.0,
        "abs_importance": 0.030835164710879326,
        "is_missing": true
      },
      {
        "feature": "ProtoSimilarity",
        "importance": 0.01794540323317051,
        "value": 0.961860845440958,
        "abs_importance": 0.01794540323317051,
        "is_missing": false
      },
      {
        "feature": "SmtpMailFromSimilarity",
        "importance": -0.01617356389760971,
        "value": -1.0,
        "abs_importance": 0.01617356389760971,
        "is_missing": true
      },
      {
        "feature": "SmtpRcptToSimilarity",
        "importance": 0.01418517529964447,
        "value": -1.0,
        "abs_importance": 0.01418517529964447,
        "is_missing": true
      },
      {
        "feature": "Proto",
        "importance": 0.01387573778629303,
        "value": 6.0,
        "abs_importance": 0.01387573778629303,
        "is_missing": false
      },
      {
        "feature": "SshClientProtoSimilarity",
        "importance": -0.012818653136491776,
        "value": -1.0,
        "abs_importance": 0.012818653136491776,
        "is_missing": true
      },
      {
        "feature": "SshServerSoftwareSimilarity",
        "importance": 0.012780587188899517,
        "value": -1.0,
        "abs_importance": 0.012780587188899517,
        "is_missing": true
      },
      {
        "feature": "Similarity",
        "importance": -0.00829994585365057,
        "value": 0.228489034442664,
        "abs_importance": 0.00829994585365057,
        "is_missing": false
      },
      {
        "feature": "HttpMethodSimilarity",
        "importance": 0.005412190221250057,
        "value": 0.291407553791151,
        "abs_importance": 0.005412190221250057,
        "is_missing": false
      },
      {
        "feature": "SshServerProtoSimilarity",
        "importance": -0.0031219415832310915,
        "value": -1.0,
        "abs_importance": 0.0031219415832310915,
        "is_missing": true
      },
      {
        "feature": "SignatureIDSimilarity",
        "importance": -0.0030270505230873823,
        "value": 0.0241539318740835,
        "abs_importance": 0.0030270505230873823,
        "is_missing": false
      },
      {
        "feature": "SignatureID",
        "importance": 0.0026051185559481382,
        "value": 2019182.0,
        "abs_importance": 0.0026051185559481382,
        "is_missing": false
      },
      {
        "feature": "ExtIPSimilarity",
        "importance": -0.002411989262327552,